cert_id,train_id,cert_type,issued_by,valid_from,valid_to,notes,document_link
C_SET_001_ROL,SET_001,rolling_stock,Rolling_stockDept,2024-09-11T21:00:00,2025-12-05T21:00:00,,
C_SET_001_SIG,SET_001,signalling,SignallingDept,2025-04-17T21:00:00,2025-11-03T21:00:00,,
C_SET_001_TEL,SET_001,telecom,TelecomDept,2024-10-27T21:00:00,2025-11-25T21:00:00,,
C_SET_002_ROL,SET_002,rolling_stock,Rolling_stockDept,2025-02-24T21:00:00,2025-11-30T21:00:00,,
C_SET_002_SIG,SET_002,signalling,SignallingDept,2024-10-12T21:00:00,2025-09-06T21:00:00,,
C_SET_002_TEL,SET_002,telecom,TelecomDept,2024-08-14T21:00:00,2025-11-30T21:00:00,,
C_SET_003_ROL,SET_003,rolling_stock,Rolling_stockDept,2024-08-03T21:00:00,2025-11-02T21:00:00,,
C_SET_003_SIG,SET_003,signalling,SignallingDept,2025-04-13T21:00:00,2025-10-31T21:00:00,,
C_SET_003_TEL,SET_003,telecom,TelecomDept,2025-04-17T21:00:00,2025-12-01T21:00:00,,
C_SET_004_ROL,SET_004,rolling_stock,Rolling_stockDept,2024-10-13T21:00:00,2025-10-15T21:00:00,,
C_SET_004_SIG,SET_004,signalling,SignallingDept,2024-11-15T21:00:00,2025-11-04T21:00:00,,
C_SET_004_TEL,SET_004,telecom,TelecomDept,2025-04-30T21:00:00,2025-12-20T21:00:00,,
C_SET_005_ROL,SET_005,rolling_stock,Rolling_stockDept,2024-10-01T21:00:00,2025-08-07T21:00:00,EXPIRED,
C_SET_005_SIG,SET_005,signalling,SignallingDept,2025-02-06T21:00:00,2025-08-25T21:00:00,EXPIRED,
C_SET_005_TEL,SET_005,telecom,TelecomDept,2024-12-27T21:00:00,2025-09-21T21:00:00,,
C_SET_006_ROL,SET_006,rolling_stock,Rolling_stockDept,2024-05-27T21:00:00,2025-08-14T21:00:00,EXPIRED,
C_SET_006_SIG,SET_006,signalling,SignallingDept,2024-04-04T21:00:00,2025-09-05T21:00:00,,
C_SET_006_TEL,SET_006,telecom,TelecomDept,2024-08-16T21:00:00,2025-11-02T21:00:00,,
C_SET_007_ROL,SET_007,rolling_stock,Rolling_stockDept,2025-03-05T21:00:00,2025-11-20T21:00:00,,
C_SET_007_SIG,SET_007,signalling,SignallingDept,2025-06-18T21:00:00,2025-12-16T21:00:00,,
C_SET_007_TEL,SET_007,telecom,TelecomDept,2025-01-15T21:00:00,2025-10-27T21:00:00,,
C_SET_008_ROL,SET_008,rolling_stock,Rolling_stockDept,2024-11-30T21:00:00,2025-12-05T21:00:00,,
C_SET_008_SIG,SET_008,signalling,SignallingDept,2024-09-13T21:00:00,2025-08-20T21:00:00,EXPIRED,
C_SET_008_TEL,SET_008,telecom,TelecomDept,2024-09-19T21:00:00,2025-12-12T21:00:00,,
C_SET_009_ROL,SET_009,rolling_stock,Rolling_stockDept,2024-08-20T21:00:00,2025-09-18T21:00:00,,
C_SET_009_SIG,SET_009,signalling,SignallingDept,2024-07-17T21:00:00,2025-11-04T21:00:00,,
C_SET_009_TEL,SET_009,telecom,TelecomDept,2024-03-20T21:00:00,2025-08-19T21:00:00,EXPIRED,
C_SET_010_ROL,SET_010,rolling_stock,Rolling_stockDept,2024-08-27T21:00:00,2025-09-27T21:00:00,,
C_SET_010_SIG,SET_010,signalling,SignallingDept,2025-05-15T21:00:00,2025-12-21T21:00:00,,
C_SET_010_TEL,SET_010,telecom,TelecomDept,2025-02-16T21:00:00,2025-10-18T21:00:00,,
C_SET_011_ROL,SET_011,rolling_stock,Rolling_stockDept,2024-04-07T21:00:00,2025-09-12T21:00:00,,
C_SET_011_SIG,SET_011,signalling,SignallingDept,2025-01-12T21:00:00,2025-09-11T21:00:00,,
C_SET_011_TEL,SET_011,telecom,TelecomDept,2024-09-07T21:00:00,2025-08-15T21:00:00,EXPIRED,
C_SET_012_ROL,SET_012,rolling_stock,Rolling_stockDept,2024-07-25T21:00:00,2025-09-08T21:00:00,,
C_SET_012_SIG,SET_012,signalling,SignallingDept,2024-11-21T21:00:00,2025-10-01T21:00:00,,
C_SET_012_TEL,SET_012,telecom,TelecomDept,2025-01-20T21:00:00,2025-08-20T21:00:00,EXPIRED,
C_SET_013_ROL,SET_013,rolling_stock,Rolling_stockDept,2025-01-28T21:00:00,2025-09-26T21:00:00,,
C_SET_013_SIG,SET_013,signalling,SignallingDept,2024-12-25T21:00:00,2025-12-11T21:00:00,,
C_SET_013_TEL,SET_013,telecom,TelecomDept,2025-05-03T21:00:00,2025-12-03T21:00:00,,
C_SET_014_ROL,SET_014,rolling_stock,Rolling_stockDept,2025-02-06T21:00:00,2025-12-13T21:00:00,,
C_SET_014_SIG,SET_014,signalling,SignallingDept,2024-09-24T21:00:00,2025-12-02T21:00:00,,
C_SET_014_TEL,SET_014,telecom,TelecomDept,2024-09-09T21:00:00,2025-09-30T21:00:00,,
C_SET_015_ROL,SET_015,rolling_stock,Rolling_stockDept,2024-10-22T21:00:00,2025-10-15T21:00:00,,
C_SET_015_SIG,SET_015,signalling,SignallingDept,2024-10-21T21:00:00,2025-12-15T21:00:00,,
C_SET_015_TEL,SET_015,telecom,TelecomDept,2024-11-02T21:00:00,2025-12-08T21:00:00,,
C_SET_016_ROL,SET_016,rolling_stock,Rolling_stockDept,2024-10-25T21:00:00,2025-12-15T21:00:00,,
C_SET_016_SIG,SET_016,signalling,SignallingDept,2025-03-01T21:00:00,2025-10-02T21:00:00,,
C_SET_016_TEL,SET_016,telecom,TelecomDept,2024-08-24T21:00:00,2025-08-25T21:00:00,EXPIRED,
C_SET_017_ROL,SET_017,rolling_stock,Rolling_stockDept,2025-01-29T21:00:00,2025-10-01T21:00:00,,
C_SET_017_SIG,SET_017,signalling,SignallingDept,2024-12-26T21:00:00,2025-11-04T21:00:00,,
C_SET_017_TEL,SET_017,telecom,TelecomDept,2025-05-11T21:00:00,2025-12-20T21:00:00,,
C_SET_018_ROL,SET_018,rolling_stock,Rolling_stockDept,2024-06-12T21:00:00,2025-11-04T21:00:00,,
C_SET_018_SIG,SET_018,signalling,SignallingDept,2024-10-20T21:00:00,2025-12-04T21:00:00,,
C_SET_018_TEL,SET_018,telecom,TelecomDept,2024-05-26T21:00:00,2025-08-31T21:00:00,EXPIRED,
C_SET_019_ROL,SET_019,rolling_stock,Rolling_stockDept,2024-11-11T21:00:00,2025-12-28T21:00:00,,
C_SET_019_SIG,SET_019,signalling,SignallingDept,2024-12-31T21:00:00,2025-11-12T21:00:00,,
C_SET_019_TEL,SET_019,telecom,TelecomDept,2024-08-10T21:00:00,2025-12-09T21:00:00,,
C_SET_020_ROL,SET_020,rolling_stock,Rolling_stockDept,2024-05-21T21:00:00,2025-09-27T21:00:00,,
C_SET_020_SIG,SET_020,signalling,SignallingDept,2024-10-22T21:00:00,2025-12-08T21:00:00,,
C_SET_020_TEL,SET_020,telecom,TelecomDept,2025-03-18T21:00:00,2025-11-04T21:00:00,,
C_SET_021_ROL,SET_021,rolling_stock,Rolling_stockDept,2024-12-24T21:00:00,2025-10-12T21:00:00,,
C_SET_021_SIG,SET_021,signalling,SignallingDept,2025-02-11T21:00:00,2025-10-29T21:00:00,,
C_SET_021_TEL,SET_021,telecom,TelecomDept,2024-10-31T21:00:00,2025-09-05T21:00:00,,
C_SET_022_ROL,SET_022,rolling_stock,Rolling_stockDept,2024-10-22T21:00:00,2025-11-29T21:00:00,,
C_SET_022_SIG,SET_022,signalling,SignallingDept,2024-10-12T21:00:00,2025-08-13T21:00:00,EXPIRED,
C_SET_022_TEL,SET_022,telecom,TelecomDept,2024-09-15T21:00:00,2025-10-17T21:00:00,,
C_SET_023_ROL,SET_023,rolling_stock,Rolling_stockDept,2024-03-24T21:00:00,2025-08-09T21:00:00,EXPIRED,
C_SET_023_SIG,SET_023,signalling,SignallingDept,2024-12-31T21:00:00,2025-10-29T21:00:00,,
C_SET_023_TEL,SET_023,telecom,TelecomDept,2024-07-09T21:00:00,2025-10-11T21:00:00,,
C_SET_024_ROL,SET_024,rolling_stock,Rolling_stockDept,2024-11-28T21:00:00,2025-12-10T21:00:00,,
C_SET_024_SIG,SET_024,signalling,SignallingDept,2025-02-04T21:00:00,2025-12-24T21:00:00,,
C_SET_024_TEL,SET_024,telecom,TelecomDept,2024-08-03T21:00:00,2025-08-04T21:00:00,EXPIRED,
C_SET_025_ROL,SET_025,rolling_stock,Rolling_stockDept,2024-09-23T21:00:00,2025-12-05T21:00:00,,
C_SET_025_SIG,SET_025,signalling,SignallingDept,2024-05-25T21:00:00,2025-11-01T21:00:00,,
C_SET_025_TEL,SET_025,telecom,TelecomDept,2024-10-30T21:00:00,2025-09-22T21:00:00,,
